
{
   "8": {
      "Probabilities": [
        0.003906,
        0.03125,
        0.109375,
        0.21875,
        0.273438,
        0.21875,
        0.109375,
        0.03125,
        0.003906
      ],
      "RiskMultipliers": {
        "Low": [ 5.7, 4.2, 1.3, 0.6, 0.5, 0.6, 1.3, 4.2, 5.7 ],
        "Medium": [ 14, 3.6, 1.5, 0.5, 0.4, 0.5, 1.5, 3.6, 14 ],
        "High": [ 27, 3.7, 1, 0.5, 0.4, 0.5, 1, 3.7, 27 ]
      }
    },
   "9": {
      "Probabilities": [
        0.001953,
        0.017578,
        0.070313,
        0.164063,
        0.246094,
        0.246094,
        0.164063,
        0.070313,
        0.017578,
        0.001953
      ],
      "RiskMultipliers": {
        "Low": [ 6, 5.4, 1.2, 0.8, 0.7, 0.7, 0.8, 1.2, 5.4, 6 ],
        "Medium": [ 21, 3.1, 2.3, 0.7, 0.5, 0.5, 0.7, 2.3, 3.1, 21 ],
        "High": [ 39, 6.5, 2, 0.7, 0.2, 0.2, 0.7, 2, 6.5, 39 ]
      }
      },
    "10": {
      "Probabilities": [
        0.000977,
        0.009766,
        0.043945,
        0.117188,
        0.205078,
        0.246094,
        0.205078,
        0.117188,
        0.043945,
        0.009766,
        0.000977
      ],
      "RiskMultipliers": {
        "Low": [ 9.1, 4, 1.3, 1.1, 0.9, 0.6, 0.9, 1.1, 1.3, 4, 9.1 ],
        "Medium": [ 23, 7.5, 2.5, 1, 0.6, 0.4, 0.6, 1, 2.5, 7.5, 23 ],
        "High": [ 69, 11, 3, 0.7, 0.4, 0.2, 0.4, 0.7, 3, 11, 69 ]
      }
    },
    "11": {
      "Probabilities": [
        0.000488,
        0.005371,
        0.026855,
        0.080566,
        0.161133,
        0.225586,
        0.225586,
        0.161133,
        0.080566,
        0.026855,
        0.005371,
        0.000488
      ],
      "RiskMultipliers": {
        "Low": [ 10, 6, 3.3, 1.1, 1, 0.5, 0.5, 1, 1.1, 3.3, 6, 10 ],
        "Medium": [ 26, 6, 5, 1.4, 0.7, 0.4, 0.4, 0.7, 1.4, 5, 6, 26 ],
        "High": [ 115, 15.6, 5, 1.1, 0.4, 0.3, 0.3, 0.4, 1.1, 5, 15.6, 115 ]
      }
    },
    "12": {
      "Probabilities": [
        0.000244,
        0.00293,
        0.016113,
        0.053711,
        0.12085,
        0.193359,
        0.225586,
        0.193359,
        0.12085,
        0.053711,
        0.016113,
        0.00293,
        0.000244
      ],
      "RiskMultipliers": {
        "Low": [ 12.1, 8.4, 2.5, 2.5, 1.2, 0.5, 0.4, 0.5, 1.2, 2.5, 2.5, 8.4, 12.1 ],
        "Medium": [ 31, 8, 2, 2, 1.1, 0.7, 0.5, 0.7, 1.1, 2, 2, 8, 31],
        "High": [ 150, 18, 4.3, 1.6, 0.9, 0.5, 0.3, 0.5, 0.9, 1.6, 4.3, 18, 150 ]
      }
    },
    "13": {
      "Probabilities": [
        0.000122,
        0.001587,
        0.009521,
        0.034912,
        0.08728,
        0.157104,
        0.209473,
        0.209473,
        0.157104,
        0.08728,
        0.034912,
        0.009521,
        0.001587,
        0.000122
      ],
      "RiskMultipliers": {
        "Low": [ 13.4, 6.2, 6.2, 2.1, 1.5, 0.7, 0.5, 0.5, 0.7, 1.5, 2.1, 6.2, 6.2, 13.4 ],
        "Medium": [ 41, 12.2, 8, 2.2, 1, 0.8, 0.5, 0.5, 0.8, 1, 2.2, 8, 12.2, 41 ],
        "High": [ 210, 40, 17, 1.2, 0.7, 0.5, 0.3, 0.3, 0.5, 0.7, 1.2, 17, 40, 210 ]
      }
    },
    "14": {
      "Probabilities": [
        0.000061,
        0.000854,
        0.005554,
        0.022217,
        0.061096,
        0.122192,
        0.183289,
        0.209473,
        0.183289,
        0.122192,
        0.061096,
        0.022217,
        0.005554,
        0.000854,
        0.000061
      ],
      "RiskMultipliers": {
        "Low": [ 13.2, 10, 5.6, 3.3, 1.2, 1, 0.7, 0.5, 0.7, 1, 1.2, 3.3, 5.6, 10, 13.2 ],
        "Medium": [ 55, 12, 7.2, 1.5, 1.2, 1.2, 0.8, 0.4, 0.8, 1.2, 1.2, 1.5, 7.2, 12, 55 ],
        "High": [ 400, 72, 20, 5.6, 0.9, 0.5, 0.2, 0.2, 0.2, 0.5, 0.9, 5.6, 20, 72, 400]
      }
    },
    "15": {
      "Probabilities": [
        0.000031,
        0.000458,
        0.003204,
        0.013885,
        0.041656,
        0.091644,
        0.15274,
        0.196381,
        0.196381,
        0.15274,
        0.091644,
        0.041656,
        0.013885,
        0.003204,
        0.000458,
        0.000031
      ],
      "RiskMultipliers": {
        "Low": [ 15, 7, 4, 2.8, 2, 1.1, 1, 0.5, 0.5, 1, 1.1, 2, 2.8, 4, 7, 15 ],
        "Medium": [ 85, 20, 15.4, 9, 1.5, 1, 0.5, 0.4, 0.4, 0.5, 1, 1.5, 9, 15.4, 20, 85 ],
        "High": [ 650, 127, 22, 8, 1.7, 0.7, 0.4, 0.2, 0.2, 0.4, 0.7, 1.7, 8, 22, 127, 650 ]

      }
    },
    "16": {
      "Probabilities": [
        0.000015,
        0.000244,
        0.001831,
        0.008545,
        0.027771,
        0.066650,
        0.122192,
        0.174561,
        0.196381,
        0.174561,
        0.122192,
        0.06665,
        0.027771,
        0.008545,
        0.001831,
        0.000244,
        0.000015
      ],
      "RiskMultipliers": {
        "Low": [ 16, 9, 2, 1.4, 1.4, 1.2, 1.1, 1, 0.5, 1, 1.1, 1.2, 1.4, 1.4, 2, 9, 16 ],
        "Medium": [ 140, 36, 12, 6, 2.5, 1.1, 1, 0.5, 0.5, 0.5, 1, 1.1, 2.5, 6, 12, 36, 140 ],
        "High": [ 1000, 130, 30, 14.1, 1.2, 0.7, 0.7, 0.5, 0.2, 0.5, 0.7, 0.7, 1.2, 14.1, 30, 130, 1000 ]
      }
    }
  }
